{"index":0,"base_value":0.5000185370445251,"f_x":0.191844642162323,"features":["return_5","return_10","return_20","(amount / m_avg(amount, 6))","(m_avg(amount, 6) / m_avg(amount, 11))","(c_pct_rank(amount) / c_pct_rank(m_avg(amount, 6)))","(c_pct_rank(m_avg(amount, 6)) / c_pct_rank(m_avg(amount, 11)))","rank_return_0","rank_return_5","rank_return_10","(rank_return_0 / rank_return_5)","(rank_return_5 / rank_return_10)","pe_ttm"],"feature_values":[0.9594985535197685,0.9558117195004802,0.87819947043248,0.779222898236471,0.9405706210583908,0.9706556705893576,1.0040610970017212,0.05616653574234093,0.7740652346857597,0.603906564639549,0.0725604680659019,1.2817632395630152,6.51644670372803],"shap":[-0.030917007476091385,-0.05698740854859352,-0.021317169070243835,0.00563541566953063,0.011347982101142406,-0.014908912591636181,-0.016587398946285248,-0.029422961175441742,-0.036698974668979645,-0.005680920090526342,-0.08534866571426392,-0.0021598979365080595,-0.025127965956926346]}