{"features":["return_5","return_10","return_20","(amount / m_avg(amount, 6))","(m_avg(amount, 6) / m_avg(amount, 11))","(c_pct_rank(amount) / c_pct_rank(m_avg(amount, 6)))","(c_pct_rank(m_avg(amount, 6)) / c_pct_rank(m_avg(amount, 11)))","rank_return_0","rank_return_5","rank_return_10","(rank_return_0 / rank_return_5)","(rank_return_5 / rank_return_10)","pe_ttm"],"base_value":0.5000185370445251,"paths":[{"index":51333,"f_x":0.7410184890031815,"shap":[0.00543985003605485,0.1684921830892563,-0.0012757099466398358,-0.03199358284473419,0.023967677727341652,-0.020874256268143654,-0.0015271396841853857,0.01748121902346611,0.008047417737543583,0.04912910610437393,0.006820367649197578,-0.000437280599726364,0.017730101943016052],"feature_values":[1.0126467931345982,0.8158660844250364,0.9196062346185399,0.5992558946770002,0.9046559570585627,0.8639597575760387,0.944876675201569,0.2744865718799368,0.35334133653461386,0.13486312399355876,0.7768311926703987,2.6199996416477043,78.94573354701457]},{"index":181876,"f_x":0.4859482366591692,"shap":[-0.0022096855100244284,-0.011203322559595108,-0.00245292647741735,0.006749682128429413,-0.04486218839883804,-0.004716985393315554,-0.00852581299841404,0.024836329743266106,0.00042560143629089,0.008015277795493603,-0.006823933683335781,0.004020076245069504,0.022677583619952202],"feature_values":[1.001600320064013,0.9850481998819596,1.0828287197231834,1.424587767326276,0.7683300200460821,0.9163761724249264,0.8299807530494978,0.5433843737730664,0.16108452950558214,0.15681544028950542,3.3732871520367587,1.027223653539443,27.812448638431842]},{"index":206253,"f_x":0.44971882179379463,"shap":[0.0152458930388093,-0.04194631054997444,0.007198462262749672,0.014812977984547615,-0.02043851464986801,-0.002967668231576681,-0.003336801426485181,0.017987608909606934,-0.006130492780357599,0.0005076078232377768,-0.0236301738768816,0.002955957315862179,-0.01055825874209404],"feature_values":[0.8941441441441442,0.9531812725090038,0.9742331288343559,0.8210522946638527,0.7925912500397174,0.8280460822461281,0.9010695360545312,0.3134502923976608,0.031424025457438345,0.038877755511022044,9.974861203642016,0.8082777682093677,-84.97584923279483]},{"index":1552650,"f_x":0.33721208572387695,"shap":[-0.0012686464469879866,-0.004701463971287012,-0.04145564138889313,0.007016154937446117,-0.014663035050034523,-0.0048920344561338425,-0.004621296189725399,0.01668170653283596,-0.027811255306005478,-0.05605382099747658,0.010557064786553383,0.008293871767818928,-0.04988805577158928],"feature_values":[1.0869565217391304,1.04052573932092,1.133651551312649,1.1102146292101578,0.8222066098157164,1.0305148955168244,0.971000449127179,0.664898454076993,0.9721542227662179,0.9012003693444137,0.6839433893369887,1.0787326057948914,505.9736495673892]},{"index":1584510,"f_x":0.3984674662351608,"shap":[0.002984012942761183,-0.0772438794374466,-0.025091568008065224,0.01709558628499508,0.011626513674855232,0.007941869087517262,-0.0026031730230897665,0.013069452717900276,-0.0017877512145787477,-0.047853365540504456,-0.0037759540136903524,0.0026152287609875202,0.001471969299018383],"feature_values":[0.9016602809706259,0.9363395225464191,0.870530209617756,1.1713995791148468,1.0025154149585602,1.2787350919352027,0.9806967369241004,0.2935709932967703,0.5652040503221847,0.7544836116264688,0.519407094003352,0.7491270076811251,21.79973733066272]},{"index":1902721,"f_x":0.5618509575724602,"shap":[0.00502376351505518,0.013917434960603714,0.010362571105360985,0.02304435521364212,0.018979176878929138,0.003110359888523817,-0.0002279688196722418,-0.05942988395690918,0.006480077747255564,0.014517510309815407,-0.0006859733257442713,0.00536364084109664,0.021377358585596085],"feature_values":[1.0124293785310734,1.012810851544838,0.9205479452054793,1.1788869040238839,1.1259409782707241,1.1880584385588675,0.9893776882608658,0.8883481248210707,0.3046987604496973,0.24710648148148148,2.9154963528895883,1.233066646503693,37.03780034851293]},{"index":2456251,"f_x":0.6244608610868454,"shap":[-0.00018273486057296395,-0.0004844742943532765,0.018892768770456314,0.007014986593276262,0.009701580740511417,-0.0002738109033089131,-0.0017358234617859125,0.03133336082100868,0.007577824406325817,0.026146117597818375,0.0063864183612167835,0.003026681486517191,0.017039421945810318],"feature_values":[1.002717391304348,1.0,1.0278551532033426,0.662231137494006,0.8457979437704795,0.9740814348995412,0.887016059726196,0.5976150859678314,0.5043043599000278,0.3528102392877017,1.1850285928249786,1.4293926415462932,42.25030013012304]},{"index":2787642,"f_x":0.5456908531486988,"shap":[0.009341705590486526,-0.011704587377607822,-0.009922588244080544,-0.002004951238632202,0.006837436929345131,0.025480767711997032,-0.0009978427551686764,-0.011192337609827518,0.009906246326863766,0.007096158340573311,0.009633167646825314,-0.004428340587764978,0.017627479508519173],"feature_values":[0.8981684981684982,0.8884057971014494,0.8903413217138708,1.491961461263465,1.1821594080122424,1.1527105429481883,1.144656188693306,0.03967611336032389,0.010819583446037328,0.03393051031487514,3.6670647773279352,0.31887476332161213,15.784855180241445]},{"index":2989437,"f_x":0.5920531898736954,"shap":[0.009434194304049015,-0.005278954282402992,0.019464682787656784,0.007917260751128197,0.018114622682332993,-0.002701248973608017,0.010534131899476051,0.018692849203944206,0.007623143494129181,0.017656078562140465,-0.00015028659254312515,-0.002034565666690469,-0.007237255573272705],"feature_values":[1.0070093457943925,0.8724696356275303,0.8500986193293885,0.7330807599393457,1.0109427404838054,0.9499416126173023,1.1509174187603328,0.25523456135701034,0.31819389110225765,0.13631522896698617,0.8021353284717394,2.334250498007968,-40.34478441062705]},{"index":3081415,"f_x":0.5576451346278191,"shap":[0.004816042724996805,-0.022823309525847435,-0.004694870673120022,-0.004179897718131542,0.013030941598117352,-0.0049082557670772076,-0.004205778706818819,0.02449406497180462,0.018361035734415054,0.010997156612575054,0.007238213904201984,0.003856157884001732,0.015645096078515053],"feature_values":[0.9253731343283581,0.8825622775800711,0.8701754385964912,0.6354105744866633,0.8576703110354371,0.8672707695217863,1.0247817871411462,0.3766869542206933,0.3222811671087533,0.38116710875331566,1.1688146645366368,0.8455114822546973,44.6341815179011]},{"index":3312727,"f_x":0.643433690071106,"shap":[0.0005025865975767374,0.03397679328918457,0.0003499649465084076,-0.0005586422048509121,0.014439874328672886,0.00522767286747694,0.01873699203133583,0.038604073226451874,0.010187503881752491,0.017526444047689438,0.007036959286779165,0.009600757621228695,-0.012215829454362392],"feature_values":[1.0270833333333333,1.024948024948025,1.0647948164146868,0.634776495298496,1.229034629668743,0.6529437601800845,1.2455585098232689,0.5858559498956158,0.6078534031413613,0.6243108427408769,0.963811252627585,0.9736390296742831,-34.104254851600814]},{"index":3325815,"f_x":0.3706350177526474,"shap":[0.01968175172805786,-0.001322624972090125,0.0013022208586335182,-0.031161943450570107,0.01100149005651474,0.009780118241906166,-0.007344434969127178,-0.0759558230638504,-0.03008587844669819,-0.005694007966667414,0.0026603671722114086,0.0003858265990857035,-0.02263057418167591],"feature_values":[1.1066768994627783,1.0842105771568291,0.9643730444298807,2.2591861826110873,1.148909322826299,1.2121165329633874,1.0562796181481093,0.9558746736292428,0.9080188679245284,0.797634691195795,1.052703536672205,1.138389387958099,84.45320565342845]}]}